server_num,label,ip,port,provider,asn,cc
2,s2,65.21.226.195,6000,Hetzner,24940,DE
3,s3,95.217.225.182,6000,Hetzner,24940,DE
4,s4,157.90.0.84,6000,Hetzner,24940,DE
5,s5,157.90.4.41,6000,Hetzner,24940,DE
6,s6,157.90.4.34,6000,Hetzner,24940,DE
7,s7,157.90.4.97,6000,Hetzner,24940,DE
17,s17,135.181.57.109,6000,Hetzner,24940,DE
18,s18,57.129.73.193,6000,OVH,16276,FR
31,s31,135.181.20.243,6000,Hetzner,24940,DE
32,s32,135.181.18.95,6000,Hetzner,24940,DE
34,s34,135.181.61.24,6000,Hetzner,24940,DE
35,s35,135.181.61.18,6000,Hetzner,24940,DE
46,s46,135.181.57.111,6000,Hetzner,24940,DE
47,s47,135.181.57.110,6000,Hetzner,24940,DE
63,s63,95.217.144.108,6000,Hetzner,24940,DE
66,s66,135.181.57.106,6000,Hetzner,24940,DE
68,s68,65.21.34.165,6000,Hetzner,24940,DE
72,s72,65.109.26.152,6000,Hetzner,24940,DE
88,s88,139.162.136.210,6000,Akamai/Linode,63949,NL
89,s89,135.181.57.107,6000,Hetzner,24940,DE
90,s90,135.181.61.201,6000,Hetzner,24940,DE
91,s91,95.217.103.210,6000,Hetzner,24940,DE
93,s93,65.109.27.93,6000,Hetzner,24940,DE
94,s94,65.109.28.60,6000,Hetzner,24940,DE
205,s205,38.114.120.39,6000,GTHost,63023,US
206,s206,38.114.120.72,6000,GTHost,63023,US
209,s209,38.114.120.146,6000,GTHost,63023,US
212,s212,38.114.120.238,6000,GTHost,63023,US
216,s216,134.195.196.236,6000,GTHost,62563,CA
217,s217,158.51.121.126,6000,GTHost,62563,CA
227,s227,65.108.65.50,6000,Hetzner,24940,DE
228,s228,134.195.196.245,6000,GTHost,62563,CA
230,s230,65.21.225.59,6000,Hetzner,24940,DE
231,s231,135.181.116.42,6000,Hetzner,24940,DE
232,s232,37.27.55.79,6000,Hetzner,24940,DE
242,s242,134.195.198.52,6000,GTHost,62563,CA
243,s243,158.51.120.61,6000,GTHost,62563,CA
244,s244,158.51.120.53,6000,GTHost,62563,CA
245,s245,198.57.27.235,6000,GTHost,62563,CA
246,s246,134.195.196.85,6000,GTHost,62563,CA
247,s247,134.195.196.184,6000,GTHost,62563,CA
248,s248,134.195.196.108,6000,GTHost,62563,CA
251,s251,38.111.114.193,6000,GTHost,62563,US
252,s252,134.195.196.174,6000,GTHost,62563,CA
254,s254,172.99.188.236,6000,GTHost,63023,US
255,s255,158.51.121.130,6000,GTHost,62563,CA
256,s256,158.51.121.30,6000,GTHost,62563,CA
258,s258,134.195.198.246,6000,GTHost,62563,CA
259,s259,198.57.27.26,6000,GTHost,62563,CA
260,s260,198.57.27.32,6000,GTHost,62563,CA
261,s261,38.111.114.149,6000,GTHost,62563,US
262,s262,23.162.200.51,6000,GTHost,62563,US
263,s263,134.195.196.133,6000,GTHost,62563,CA
264,s264,198.57.27.210,6000,GTHost,62563,CA
265,s265,134.195.198.2,6000,GTHost,62563,CA
266,s266,158.51.121.151,6000,GTHost,62563,CA
267,s267,134.195.198.13,6000,GTHost,62563,CA
269,s269,186.190.215.121,6000,GTHost,63023,US
270,s270,172.105.163.6,6000,Akamai/Linode,63949,US
271,s271,23.239.12.168,6000,Akamai/Linode,63949,US
272,s272,38.111.114.248,6000,GTHost,62563,US
273,s273,158.51.121.199,6000,GTHost,62563,CA
275,s275,158.51.121.6,6000,GTHost,62563,CA
1235,s1235,67.220.66.55,6000,GTHost,63023,US
1236,s1236,158.51.121.39,6000,GTHost,62563,CA
1237,s1237,67.220.94.47,6000,GTHost,62563,US
1238,s1238,158.51.121.83,6000,GTHost,62563,CA
1239,s1239,67.220.94.39,6000,GTHost,62563,US
1240,s1240,194.195.125.168,6000,Akamai/Linode,63949,US
1244,s1244,38.99.82.9,6000,GTHost,63023,US
1246,s1246,38.22.17.220,6000,GTHost,63023,US
1248,s1248,67.220.85.91,6000,GTHost,63023,US
1250,s1250,67.220.74.119,6000,GTHost,63023,US
1252,s1252,38.99.82.188,6000,GTHost,63023,US
1254,s1254,38.22.17.205,6000,GTHost,63023,US
1256,s1256,38.86.135.91,6000,GTHost,63023,US
1258,s1258,38.22.17.218,6000,GTHost,63023,US
1262,s1262,38.22.17.181,6000,GTHost,63023,US
1264,s1264,67.220.70.91,6000,GTHost,63023,US
1266,s1266,167.88.61.114,6000,GTHost,63023,US
1268,s1268,38.89.70.214,6000,GTHost,63023,US
1270,s1270,67.220.70.69,6000,GTHost,63023,US
1272,s1272,38.110.1.157,6000,GTHost,63023,US
1274,s1274,67.220.70.142,6000,GTHost,63023,US
1276,s1276,67.220.70.43,6000,GTHost,63023,US
1278,s1278,15.235.222.55,6000,OVH,16276,CA
1294,s1294,162.19.88.205,6000,OVH,16276,FR
1296,s1296,141.94.29.105,6000,OVH,16276,FR
1298,s1298,146.59.47.171,6000,OVH,16276,FR
1310,s1310,141.94.199.151,6000,OVH,16276,FR
1312,s1312,141.94.199.152,6000,OVH,16276,FR
1314,s1314,139.162.174.86,6000,Akamai/Linode,63949,NL
1316,s1316,146.59.54.55,6000,OVH,16276,FR
1318,s1318,146.59.84.15,6000,OVH,16276,FR
1320,s1320,146.59.85.8,6000,OVH,16276,FR
1322,s1322,91.134.20.114,6000,OVH,16276,FR
1324,s1324,54.38.13.215,6000,OVH,16276,FR
1326,s1326,162.19.72.85,6000,OVH,16276,FR
1328,s1328,162.19.88.213,6000,OVH,16276,FR
1330,s1330,57.128.125.81,6000,OVH,16276,FR
1332,s1332,57.128.125.87,6000,OVH,16276,FR
1356,s1356,15.235.222.53,6000,OVH,16276,CA
1358,s1358,15.235.222.54,6000,OVH,16276,CA
1360,s1360,15.235.221.240,6000,OVH,16276,CA
1362,s1362,15.235.220.151,6000,OVH,16276,CA
1368,s1368,15.235.224.157,6000,OVH,16276,CA
1370,s1370,162.19.62.185,6000,OVH,16276,FR
1372,s1372,57.128.97.134,6000,OVH,16276,FR
1374,s1374,198.244.165.186,6000,OVH,16276,FR
1376,s1376,198.244.167.193,6000,OVH,16276,FR
1378,s1378,15.235.80.151,6000,OVH,16276,CA
1380,s1380,15.235.65.97,6000,OVH,16276,CA
1382,s1382,15.235.85.93,6000,OVH,16276,CA
1384,s1384,15.235.85.236,6000,OVH,16276,CA
1386,s1386,15.235.85.237,6000,OVH,16276,CA
1408,s1408,57.129.85.40,6000,OVH,16276,FR
1420,s1420,15.235.85.239,6000,OVH,16276,CA
1422,s1422,148.113.170.45,6000,OVH,16276,CA
1424,s1424,15.235.85.238,6000,OVH,16276,CA
1428,s1428,148.113.170.38,6000,OVH,16276,CA
1430,s1430,146.59.54.57,6000,OVH,16276,FR
1432,s1432,146.59.54.8,6000,OVH,16276,FR
1434,s1434,141.94.249.51,6000,OVH,16276,FR
1436,s1436,54.38.113.140,6000,OVH,16276,FR
1438,s1438,141.94.196.80,6000,OVH,16276,FR
1479,s1479,141.95.33.143,6000,OVH,16276,FR
1480,s1480,141.95.33.100,6000,OVH,16276,FR
1481,s1481,141.95.33.124,6000,OVH,16276,FR
1482,s1482,141.95.35.96,6000,OVH,16276,FR
1483,s1483,141.95.35.97,6000,OVH,16276,FR
1484,s1484,141.95.33.112,6000,OVH,16276,FR
1485,s1485,141.95.126.85,6000,OVH,16276,FR
1486,s1486,141.95.33.103,6000,OVH,16276,FR
1487,s1487,141.95.33.117,6000,OVH,16276,FR
1488,s1488,141.95.33.108,6000,OVH,16276,FR
1489,s1489,148.113.162.52,6000,OVH,16276,CA
1490,s1490,148.113.162.16,6000,OVH,16276,CA
1491,s1491,15.235.12.25,6000,OVH,16276,CA
1492,s1492,15.235.12.24,6000,OVH,16276,CA
1493,s1493,15.235.9.19,6000,OVH,16276,CA
1494,s1494,15.235.50.200,6000,OVH,16276,CA
1495,s1495,15.235.12.26,6000,OVH,16276,CA
1497,s1497,141.94.73.24,6000,OVH,16276,FR
1499,s1499,141.94.162.6,6000,OVH,16276,FR
1501,s1501,141.94.162.2,6000,OVH,16276,FR
1502,s1502,148.113.170.108,6000,OVH,16276,CA
1503,s1503,51.222.248.165,6000,OVH,16276,CA
1505,s1505,15.235.9.76,6000,OVH,16276,CA
1507,s1507,141.94.73.20,6000,OVH,16276,FR
1509,s1509,15.235.42.96,6000,OVH,16276,CA
1511,s1511,15.235.86.140,6000,OVH,16276,CA
1513,s1513,51.222.203.53,6000,OVH,16276,CA
1515,s1515,15.235.82.174,6000,OVH,16276,CA
1517,s1517,51.161.86.9,6000,OVH,16276,CA
1519,s1519,15.235.65.66,6000,OVH,16276,CA
1521,s1521,146.59.84.22,6000,OVH,16276,FR
1523,s1523,57.128.192.112,6000,OVH,16276,FR
1525,s1525,92.222.100.63,6000,OVH,16276,FR
1527,s1527,162.19.139.107,6000,OVH,16276,FR
1529,s1529,162.19.139.106,6000,OVH,16276,FR
1531,s1531,15.204.161.176,6000,OVH,16276,US
1533,s1533,15.204.161.186,6000,OVH,16276,US
1535,s1535,15.204.162.56,6000,OVH,16276,US
1537,s1537,51.222.241.138,6000,OVH,16276,CA
1539,s1539,15.235.9.81,6000,OVH,16276,CA
1541,s1541,198.244.212.119,6000,OVH,16276,FR
1543,s1543,15.235.55.230,6000,OVH,16276,CA
1545,s1545,148.113.162.58,6000,OVH,16276,CA
1547,s1547,148.113.170.47,6000,OVH,16276,CA
1549,s1549,15.235.53.67,6000,OVH,16276,CA
1551,s1551,92.222.100.65,6000,OVH,16276,FR
1553,s1553,198.244.165.192,6000,OVH,16276,FR
1555,s1555,141.95.99.137,6000,OVH,16276,FR
1557,s1557,141.95.99.138,6000,OVH,16276,FR
1559,s1559,141.95.99.134,6000,OVH,16276,FR
1561,s1561,148.113.223.63,6000,OVH,16276,CA
1563,s1563,141.95.85.96,6000,OVH,16276,FR
1565,s1565,146.59.81.145,6000,OVH,16276,FR
1567,s1567,146.59.81.172,6000,OVH,16276,FR
1569,s1569,146.59.81.179,6000,OVH,16276,FR
1571,s1571,146.59.81.181,6000,OVH,16276,FR
1573,s1573,146.59.81.182,6000,OVH,16276,FR
1575,s1575,141.95.126.97,6000,OVH,16276,FR
1577,s1577,141.95.98.69,6000,OVH,16276,FR
1579,s1579,141.95.98.71,6000,OVH,16276,FR
1581,s1581,141.95.98.79,6000,OVH,16276,FR
1583,s1583,141.95.98.155,6000,OVH,16276,FR
1585,s1585,141.95.98.159,6000,OVH,16276,FR
1587,s1587,141.95.98.175,6000,OVH,16276,FR
1589,s1589,141.95.98.177,6000,OVH,16276,FR
1591,s1591,141.95.98.164,6000,OVH,16276,FR
1593,s1593,141.95.98.158,6000,OVH,16276,FR
1595,s1595,141.95.98.174,6000,OVH,16276,FR
1597,s1597,141.95.98.173,6000,OVH,16276,FR
1599,s1599,141.95.98.176,6000,OVH,16276,FR
1601,s1601,141.95.98.156,6000,OVH,16276,FR
1603,s1603,169.197.142.125,6000,GTHost,63023,CA
1605,s1605,158.51.121.121,6000,GTHost,62563,CA
1607,s1607,198.57.27.30,6000,GTHost,62563,CA
1609,s1609,23.150.152.93,6000,GTHost,63023,US
1611,s1611,23.157.40.112,6000,GTHost,63023,US
1613,s1613,38.75.137.15,6000,GTHost,63023,US
1615,s1615,38.114.114.33,6000,GTHost,63023,US
1617,s1617,67.220.72.74,6000,GTHost,63023,US
1619,s1619,169.197.142.164,6000,GTHost,63023,CA
1621,s1621,167.17.67.202,6000,GTHost,63023,CA
1623,s1623,15.235.228.121,6000,OVH,16276,CA
1625,s1625,15.235.233.16,6000,OVH,16276,CA
1627,s1627,15.235.233.20,6000,OVH,16276,CA
1629,s1629,15.235.230.39,6000,OVH,16276,CA
1631,s1631,15.235.219.124,6000,OVH,16276,CA
1633,s1633,148.113.206.221,6000,OVH,16276,CA
1635,s1635,51.222.241.222,6000,OVH,16276,CA
1637,s1637,15.235.83.137,6000,OVH,16276,CA
1639,s1639,15.235.85.6,6000,OVH,16276,CA
1641,s1641,51.222.241.212,6000,OVH,16276,CA
1643,s1643,15.235.85.4,6000,OVH,16276,CA
1645,s1645,15.235.54.133,6000,OVH,16276,CA
1647,s1647,148.113.206.224,6000,OVH,16276,CA
1649,s1649,15.235.85.7,6000,OVH,16276,CA
1650,s1650,148.113.206.225,6000,OVH,16276,CA
1652,s1652,15.235.225.204,6000,OVH,16276,CA
1654,s1654,15.235.225.207,6000,OVH,16276,CA
1656,s1656,15.235.230.6,6000,OVH,16276,CA
1658,s1658,15.235.225.221,6000,OVH,16276,CA
1660,s1660,15.235.230.15,6000,OVH,16276,CA
1662,s1662,15.235.230.13,6000,OVH,16276,CA
1664,s1664,15.235.224.224,6000,OVH,16276,CA
1666,s1666,15.235.230.14,6000,OVH,16276,CA
1668,s1668,15.235.230.176,6000,OVH,16276,CA
1669,s1669,15.235.230.11,6000,OVH,16276,CA
1670,s1670,15.235.229.21,6000,OVH,16276,CA
1671,s1671,15.235.229.120,6000,OVH,16276,CA
1672,s1672,15.235.229.32,6000,OVH,16276,CA
1674,s1674,15.235.229.48,6000,OVH,16276,CA
1676,s1676,15.235.229.199,6000,OVH,16276,CA
1678,s1678,15.235.229.142,6000,OVH,16276,CA
1679,s01679,135.181.75.30,6000,Hetzner,24940,DE
1680,s1680,148.113.223.232,6000,OVH,16276,CA
1680,s1680,15.235.229.92,6000,OVH,16276,CA
1681,s01681,15.235.67.122,6000,OVH,16276,CA
1682,s01682,15.235.43.249,6000,OVH,16276,CA
1682,s01682,95.217.62.206,6000,Hetzner,24940,DE
1683,s01683,15.235.67.120,6000,OVH,16276,CA
1684,s1684,15.235.67.95,6000,OVH,16276,CA
1684,s1684,65.108.13.254,6000,Hetzner,24940,DE
1685,s01685,15.235.67.121,6000,OVH,16276,CA
1686,s01686,15.235.67.123,6000,OVH,16276,CA
1687,s01687,57.129.54.85,6000,OVH,16276,FR
1688,s1688,148.113.220.143,6000,OVH,16276,CA
1688,s1688,57.129.54.87,6000,OVH,16276,FR
1689,s01689,57.128.21.87,6000,OVH,16276,FR
1690,s01690,46.105.65.144,6000,OVH,16276,FR
1690,s01690,65.108.9.68,6000,Hetzner,24940,DE
1691,s01691,57.129.54.50,6000,OVH,16276,FR
1692,s01692,148.113.220.152,6000,OVH,16276,CA
1692,s01692,162.19.85.101,6000,OVH,16276,FR
1693,s01693,51.222.152.16,6000,OVH,16276,CA
1694,s01694,15.204.110.205,6000,OVH,16276,US
1694,s01694,57.128.233.139,6000,OVH,16276,FR
1695,s01695,15.204.110.201,6000,OVH,16276,US
1696,s01696,15.204.110.198,6000,OVH,16276,US
1696,s01696,162.19.42.232,6000,OVH,16276,FR
1697,s01697,15.204.110.196,6000,OVH,16276,US
1698,s1698,148.113.220.153,6000,OVH,16276,CA
1698,s1698,15.204.110.204,6000,OVH,16276,US
1699,s01699,40.160.67.148,6000,OVH,16276,US
1700,s1700,148.113.220.156,6000,OVH,16276,CA
1700,s1700,40.160.67.156,6000,OVH,16276,US
1701,s01701,40.160.67.155,6000,OVH,16276,US
1702,s01702,40.160.67.154,6000,OVH,16276,US
1702,s01702,51.178.209.38,6000,OVH,16276,FR
1703,s01703,40.160.67.157,6000,OVH,16276,US
1704,s1704,148.113.222.244,6000,OVH,16276,CA
1706,s1706,148.113.220.149,6000,OVH,16276,CA
1708,s1708,57.129.85.211,6000,OVH,16276,FR
1710,s1710,51.91.169.238,6000,OVH,16276,FR
1712,s1712,198.244.253.160,6000,OVH,16276,FR
1714,s1714,172.237.29.239,6000,Akamai/Linode,63949,US
1716,s1716,148.113.222.157,6000,OVH,16276,CA
1718,s1718,148.113.222.160,6000,OVH,16276,CA
1720,s1720,148.113.222.246,6000,OVH,16276,CA
1722,s1722,148.113.222.237,6000,OVH,16276,CA
1724,s1724,172.238.7.209,6000,Akamai/Linode,63949,US
1726,s1726,57.128.235.104,6000,OVH,16276,FR
1728,s1728,51.178.110.31,6000,OVH,16276,FR
1730,s1730,51.89.11.137,6000,OVH,16276,FR
1732,s1732,51.89.11.144,6000,OVH,16276,FR
1734,s1734,51.91.169.236,6000,OVH,16276,FR
1736,s1736,51.91.169.237,6000,OVH,16276,FR
1738,s1738,51.91.235.9,6000,OVH,16276,FR
1740,s1740,51.77.236.134,6000,OVH,16276,FR
1742,s1742,51.178.209.44,6000,OVH,16276,FR
1744,s1744,57.128.233.151,6000,OVH,16276,FR
1746,s1746,57.128.236.213,6000,OVH,16276,FR
1747,s1747,51.178.209.43,6000,OVH,16276,FR
1748,s1748,57.129.36.108,6000,OVH,16276,FR
1750,s1750,57.129.36.207,6000,OVH,16276,FR
1752,s1752,57.129.36.217,6000,OVH,16276,FR
1754,s1754,135.125.142.177,6000,OVH,16276,FR
1756,s1756,57.128.231.215,6000,OVH,16276,FR
1758,s1758,51.89.11.128,6000,OVH,16276,FR
1760,s1760,51.89.11.147,6000,OVH,16276,FR
1762,s1762,51.89.11.152,6000,OVH,16276,FR
1764,s1764,51.89.11.136,6000,OVH,16276,FR
1766,s1766,57.128.236.217,6000,OVH,16276,FR
1768,s1768,148.113.222.67,6000,OVH,16276,CA
1770,s1770,148.113.222.70,6000,OVH,16276,CA
1772,s1772,148.113.222.71,6000,OVH,16276,CA
1774,s1774,148.113.222.79,6000,OVH,16276,CA
1776,s1776,148.113.222.159,6000,OVH,16276,CA
1778,s1778,148.113.222.83,6000,OVH,16276,CA
1780,s1780,148.113.222.239,6000,OVH,16276,CA
1782,s1782,148.113.223.11,6000,OVH,16276,CA
1784,s1784,148.113.223.10,6000,OVH,16276,CA
1786,s1786,148.113.223.13,6000,OVH,16276,CA
1788,s1788,148.113.223.143,6000,OVH,16276,CA
1790,s1790,148.113.223.153,6000,OVH,16276,CA
1792,s1792,148.113.223.221,6000,OVH,16276,CA
1794,s1794,148.113.223.234,6000,OVH,16276,CA
1796,s1796,148.113.223.222,6000,OVH,16276,CA
1798,s1798,148.113.223.14,6000,OVH,16276,CA
1800,s1800,148.113.223.15,6000,OVH,16276,CA
1802,s1802,148.113.217.70,6000,OVH,16276,CA
1804,s1804,148.113.217.104,6000,OVH,16276,CA
1806,s1806,148.113.219.136,6000,OVH,16276,CA
1807,s1807,57.128.231.179,6000,OVH,16276,FR
1808,s1808,148.113.217.28,6000,OVH,16276,CA
1810,s1810,57.128.231.172,6000,OVH,16276,FR
1812,s1812,57.128.231.178,6000,OVH,16276,FR
1814,s1814,57.128.231.166,6000,OVH,16276,FR
1816,s1816,57.128.231.191,6000,OVH,16276,FR
1818,s1818,57.128.189.112,6000,OVH,16276,FR
1820,s1820,57.128.231.196,6000,OVH,16276,FR
1822,s1822,57.128.231.167,6000,OVH,16276,FR
1824,s1824,51.195.24.115,6000,OVH,16276,FR
1826,s1826,57.129.39.241,6000,OVH,16276,FR
1828,s1828,51.195.24.72,6000,OVH,16276,FR
1830,s1830,51.89.11.246,6000,OVH,16276,FR
1832,s1832,51.195.24.3,6000,OVH,16276,FR
1834,s1834,51.195.24.6,6000,OVH,16276,FR
1836,s1836,51.195.24.58,6000,OVH,16276,FR
1838,s1838,57.129.39.245,6000,OVH,16276,FR
1840,s1840,57.129.64.89,6000,OVH,16276,FR
1842,s1842,135.125.160.44,6000,OVH,16276,FR
1844,s1844,57.129.96.136,6000,OVH,16276,FR
1846,s1846,51.195.24.11,6000,OVH,16276,FR
1848,s1848,57.129.49.77,6000,OVH,16276,FR
1850,s1850,51.195.24.60,6000,OVH,16276,FR
1851,s1851,51.195.24.59,6000,OVH,16276,FR
1852,s1852,51.89.11.179,6000,OVH,16276,FR
1854,s1854,51.89.11.192,6000,OVH,16276,FR
1856,s1856,51.89.11.180,6000,OVH,16276,FR
1858,s1858,51.178.118.136,6000,OVH,16276,FR
1860,s1860,51.178.118.134,6000,OVH,16276,FR
1861,s1861,216.106.189.33,6000,GTHost,63023,US
1862,s1862,57.129.52.203,6000,OVH,16276,FR
1863,s1863,167.17.64.76,6000,GTHost,63023,CA
1864,s1864,51.178.118.132,6000,OVH,16276,FR
1865,s1865,172.99.189.88,6000,GTHost,63023,US
1866,s1866,172.99.189.20,6000,GTHost,63023,US
1868,s1868,172.99.189.67,6000,GTHost,63023,US
1870,s1870,167.17.64.20,6000,GTHost,63023,CA
1872,s1872,66.163.119.112,6000,GTHost,63023,US
1874,s1874,216.106.189.146,6000,GTHost,63023,US
1876,s1876,66.163.117.114,6000,GTHost,63023,US
1878,s1878,66.163.117.132,6000,GTHost,63023,US
1880,s1880,57.129.39.247,6000,OVH,16276,FR
1882,s1882,57.128.189.5,6000,OVH,16276,FR
1884,s1884,51.178.118.130,6000,OVH,16276,FR
